{
    "data": [
      {
        "ID": "1",
        "Label": 1,
        "Titulo": "Avance en Tecnología: Nuevo logro en el sector",
        "Descripcion": "Expertos reportan que el sector de Tecnología ha logrado un avance significativo, impulsando mejoras y optimización en procesos.",
        "Fecha": "01/01/2023"
      },
      {
        "ID": "2",
        "Label": 0,
        "Titulo": "Crisis en Política: Situación crítica reportada",
        "Descripcion": "Diversos reportes indican que el sector de Política enfrenta serios desafíos que han afectado su estabilidad y crecimiento.",
        "Fecha": "02/02/2023"
      },
      {
        "ID": "3",
        "Label": 1,
        "Titulo": "Avance en Economía: Nuevo logro en el sector",
        "Descripcion": "Expertos reportan que el sector de Economía ha logrado un avance significativo, impulsando mejoras y optimización en procesos.",
        "Fecha": "03/03/2023"
      },
      {
        "ID": "4",
        "Label": 0,
        "Titulo": "Crisis en Salud: Situación crítica reportada",
        "Descripcion": "Diversos reportes indican que el sector de Salud enfrenta serios desafíos que han afectado su estabilidad y crecimiento.",
        "Fecha": "04/04/2023"
      },
      {
        "ID": "5",
        "Label": 1,
        "Titulo": "Avance en Cultura: Nuevo logro en el sector",
        "Descripcion": "Expertos reportan que el sector de Cultura ha logrado un avance significativo, impulsando mejoras y optimización en procesos.",
        "Fecha": "05/05/2023"
      },
      {
        "ID": "6",
        "Label": 0,
        "Titulo": "Crisis en Deportes: Situación crítica reportada",
        "Descripcion": "Diversos reportes indican que el sector de Deportes enfrenta serios desafíos que han afectado su estabilidad y crecimiento.",
        "Fecha": "06/06/2023"
      },
      {
        "ID": "7",
        "Label": 1,
        "Titulo": "Avance en Medio Ambiente: Nuevo logro en el sector",
        "Descripcion": "Expertos reportan que el sector de Medio Ambiente ha logrado un avance significativo, impulsando mejoras y optimización en procesos.",
        "Fecha": "07/07/2023"
      },
      {
        "ID": "8",
        "Label": 0,
        "Titulo": "Crisis en Educación: Situación crítica reportada",
        "Descripcion": "Diversos reportes indican que el sector de Educación enfrenta serios desafíos que han afectado su estabilidad y crecimiento.",
        "Fecha": "08/08/2023"
      },
      {
        "ID": "9",
        "Label": 1,
        "Titulo": "Avance en Ciencia: Nuevo logro en el sector",
        "Descripcion": "Expertos reportan que el sector de Ciencia ha logrado un avance significativo, impulsando mejoras y optimización en procesos.",
        "Fecha": "09/09/2023"
      },
      {
        "ID": "10",
        "Label": 0,
        "Titulo": "Crisis en Infraestructura: Situación crítica reportada",
        "Descripcion": "Diversos reportes indican que el sector de Infraestructura enfrenta serios desafíos que han afectado su estabilidad y crecimiento.",
        "Fecha": "10/10/2023"
      },
      {
        "ID": "11",
        "Label": 1,
        "Titulo": "Avance en Tecnología: Nuevo logro en el sector",
        "Descripcion": "Expertos reportan que el sector de Tecnología ha logrado un avance significativo, impulsando mejoras y optimización en procesos.",
        "Fecha": "11/11/2023"
      },
      {
        "ID": "12",
        "Label": 0,
        "Titulo": "Crisis en Política: Situación crítica reportada",
        "Descripcion": "Diversos reportes indican que el sector de Política enfrenta serios desafíos que han afectado su estabilidad y crecimiento.",
        "Fecha": "12/12/2023"
      },
      {
        "ID": "13",
        "Label": 1,
        "Titulo": "Avance en Economía: Nuevo logro en el sector",
        "Descripcion": "Expertos reportan que el sector de Economía ha logrado un avance significativo, impulsando mejoras y optimización en procesos.",
        "Fecha": "13/01/2023"
      },
      {
        "ID": "14",
        "Label": 0,
        "Titulo": "Crisis en Salud: Situación crítica reportada",
        "Descripcion": "Diversos reportes indican que el sector de Salud enfrenta serios desafíos que han afectado su estabilidad y crecimiento.",
        "Fecha": "14/02/2023"
      },
      {
        "ID": "15",
        "Label": 1,
        "Titulo": "Avance en Cultura: Nuevo logro en el sector",
        "Descripcion": "Expertos reportan que el sector de Cultura ha logrado un avance significativo, impulsando mejoras y optimización en procesos.",
        "Fecha": "15/03/2023"
      },
      {
        "ID": "16",
        "Label": 0,
        "Titulo": "Crisis en Deportes: Situación crítica reportada",
        "Descripcion": "Diversos reportes indican que el sector de Deportes enfrenta serios desafíos que han afectado su estabilidad y crecimiento.",
        "Fecha": "16/04/2023"
      },
      {
        "ID": "17",
        "Label": 1,
        "Titulo": "Avance en Medio Ambiente: Nuevo logro en el sector",
        "Descripcion": "Expertos reportan que el sector de Medio Ambiente ha logrado un avance significativo, impulsando mejoras y optimización en procesos.",
        "Fecha": "17/05/2023"
      },
      {
        "ID": "18",
        "Label": 0,
        "Titulo": "Crisis en Educación: Situación crítica reportada",
        "Descripcion": "Diversos reportes indican que el sector de Educación enfrenta serios desafíos que han afectado su estabilidad y crecimiento.",
        "Fecha": "18/06/2023"
      },
      {
        "ID": "19",
        "Label": 1,
        "Titulo": "Avance en Ciencia: Nuevo logro en el sector",
        "Descripcion": "Expertos reportan que el sector de Ciencia ha logrado un avance significativo, impulsando mejoras y optimización en procesos.",
        "Fecha": "19/07/2023"
      },
      {
        "ID": "20",
        "Label": 0,
        "Titulo": "Crisis en Infraestructura: Situación crítica reportada",
        "Descripcion": "Diversos reportes indican que el sector de Infraestructura enfrenta serios desafíos que han afectado su estabilidad y crecimiento.",
        "Fecha": "20/08/2023"
      },
      {
        "ID": "21",
        "Label": 1,
        "Titulo": "Avance en Tecnología: Nuevo logro en el sector",
        "Descripcion": "Expertos reportan que el sector de Tecnología ha logrado un avance significativo, impulsando mejoras y optimización en procesos.",
        "Fecha": "21/09/2023"
      },
      {
        "ID": "22",
        "Label": 0,
        "Titulo": "Crisis en Política: Situación crítica reportada",
        "Descripcion": "Diversos reportes indican que el sector de Política enfrenta serios desafíos que han afectado su estabilidad y crecimiento.",
        "Fecha": "22/10/2023"
      },
      {
        "ID": "23",
        "Label": 1,
        "Titulo": "Avance en Economía: Nuevo logro en el sector",
        "Descripcion": "Expertos reportan que el sector de Economía ha logrado un avance significativo, impulsando mejoras y optimización en procesos.",
        "Fecha": "23/11/2023"
      },
      {
        "ID": "24",
        "Label": 0,
        "Titulo": "Crisis en Salud: Situación crítica reportada",
        "Descripcion": "Diversos reportes indican que el sector de Salud enfrenta serios desafíos que han afectado su estabilidad y crecimiento.",
        "Fecha": "24/12/2023"
      },
      {
        "ID": "25",
        "Label": 1,
        "Titulo": "Avance en Cultura: Nuevo logro en el sector",
        "Descripcion": "Expertos reportan que el sector de Cultura ha logrado un avance significativo, impulsando mejoras y optimización en procesos.",
        "Fecha": "25/01/2023"
      },
      {
        "ID": "26",
        "Label": 0,
        "Titulo": "Crisis en Deportes: Situación crítica reportada",
        "Descripcion": "Diversos reportes indican que el sector de Deportes enfrenta serios desafíos que han afectado su estabilidad y crecimiento.",
        "Fecha": "26/02/2023"
      },
      {
        "ID": "27",
        "Label": 1,
        "Titulo": "Avance en Medio Ambiente: Nuevo logro en el sector",
        "Descripcion": "Expertos reportan que el sector de Medio Ambiente ha logrado un avance significativo, impulsando mejoras y optimización en procesos.",
        "Fecha": "27/03/2023"
      },
      {
        "ID": "28",
        "Label": 0,
        "Titulo": "Crisis en Educación: Situación crítica reportada",
        "Descripcion": "Diversos reportes indican que el sector de Educación enfrenta serios desafíos que han afectado su estabilidad y crecimiento.",
        "Fecha": "28/04/2023"
      },
      {
        "ID": "29",
        "Label": 1,
        "Titulo": "Avance en Ciencia: Nuevo logro en el sector",
        "Descripcion": "Expertos reportan que el sector de Ciencia ha logrado un avance significativo, impulsando mejoras y optimización en procesos.",
        "Fecha": "29/05/2023"
      },
      {
        "ID": "30",
        "Label": 0,
        "Titulo": "Crisis en Infraestructura: Situación crítica reportada",
        "Descripcion": "Diversos reportes indican que el sector de Infraestructura enfrenta serios desafíos que han afectado su estabilidad y crecimiento.",
        "Fecha": "30/06/2023"
      },
      {
        "ID": "31",
        "Label": 1,
        "Titulo": "Avance en Tecnología: Nuevo logro en el sector",
        "Descripcion": "Expertos reportan que el sector de Tecnología ha logrado un avance significativo, impulsando mejoras y optimización en procesos.",
        "Fecha": "31/07/2023"
      },
      {
        "ID": "32",
        "Label": 0,
        "Titulo": "Crisis en Política: Situación crítica reportada",
        "Descripcion": "Diversos reportes indican que el sector de Política enfrenta serios desafíos que han afectado su estabilidad y crecimiento.",
        "Fecha": "01/08/2023"
      },
      {
        "ID": "33",
        "Label": 1,
        "Titulo": "Avance en Economía: Nuevo logro en el sector",
        "Descripcion": "Expertos reportan que el sector de Economía ha logrado un avance significativo, impulsando mejoras y optimización en procesos.",
        "Fecha": "02/09/2023"
      },
      {
        "ID": "34",
        "Label": 0,
        "Titulo": "Crisis en Salud: Situación crítica reportada",
        "Descripcion": "Diversos reportes indican que el sector de Salud enfrenta serios desafíos que han afectado su estabilidad y crecimiento.",
        "Fecha": "03/10/2023"
      },
      {
        "ID": "35",
        "Label": 1,
        "Titulo": "Avance en Cultura: Nuevo logro en el sector",
        "Descripcion": "Expertos reportan que el sector de Cultura ha logrado un avance significativo, impulsando mejoras y optimización en procesos.",
        "Fecha": "04/11/2023"
      },
      {
        "ID": "36",
        "Label": 0,
        "Titulo": "Crisis en Deportes: Situación crítica reportada",
        "Descripcion": "Diversos reportes indican que el sector de Deportes enfrenta serios desafíos que han afectado su estabilidad y crecimiento.",
        "Fecha": "05/12/2023"
      },
      {
        "ID": "37",
        "Label": 1,
        "Titulo": "Avance en Medio Ambiente: Nuevo logro en el sector",
        "Descripcion": "Expertos reportan que el sector de Medio Ambiente ha logrado un avance significativo, impulsando mejoras y optimización en procesos.",
        "Fecha": "06/01/2023"
      },
      {
        "ID": "38",
        "Label": 0,
        "Titulo": "Crisis en Educación: Situación crítica reportada",
        "Descripcion": "Diversos reportes indican que el sector de Educación enfrenta serios desafíos que han afectado su estabilidad y crecimiento.",
        "Fecha": "07/02/2023"
      },
      {
        "ID": "39",
        "Label": 1,
        "Titulo": "Avance en Ciencia: Nuevo logro en el sector",
        "Descripcion": "Expertos reportan que el sector de Ciencia ha logrado un avance significativo, impulsando mejoras y optimización en procesos.",
        "Fecha": "08/03/2023"
      },
      {
        "ID": "40",
        "Label": 0,
        "Titulo": "Crisis en Infraestructura: Situación crítica reportada",
        "Descripcion": "Diversos reportes indican que el sector de Infraestructura enfrenta serios desafíos que han afectado su estabilidad y crecimiento.",
        "Fecha": "09/04/2023"
      },
      {
        "ID": "41",
        "Label": 1,
        "Titulo": "Avance en Tecnología: Nuevo logro en el sector",
        "Descripcion": "Expertos reportan que el sector de Tecnología ha logrado un avance significativo, impulsando mejoras y optimización en procesos.",
        "Fecha": "10/05/2023"
      },
      {
        "ID": "42",
        "Label": 0,
        "Titulo": "Crisis en Política: Situación crítica reportada",
        "Descripcion": "Diversos reportes indican que el sector de Política enfrenta serios desafíos que han afectado su estabilidad y crecimiento.",
        "Fecha": "11/06/2023"
      },
      {
        "ID": "43",
        "Label": 1,
        "Titulo": "Avance en Economía: Nuevo logro en el sector",
        "Descripcion": "Expertos reportan que el sector de Economía ha logrado un avance significativo, impulsando mejoras y optimización en procesos.",
        "Fecha": "12/07/2023"
      },
      {
        "ID": "44",
        "Label": 0,
        "Titulo": "Crisis en Salud: Situación crítica reportada",
        "Descripcion": "Diversos reportes indican que el sector de Salud enfrenta serios desafíos que han afectado su estabilidad y crecimiento.",
        "Fecha": "13/08/2023"
      },
      {
        "ID": "45",
        "Label": 1,
        "Titulo": "Avance en Cultura: Nuevo logro en el sector",
        "Descripcion": "Expertos reportan que el sector de Cultura ha logrado un avance significativo, impulsando mejoras y optimización en procesos.",
        "Fecha": "14/09/2023"
      },
      {
        "ID": "46",
        "Label": 0,
        "Titulo": "Crisis en Deportes: Situación crítica reportada",
        "Descripcion": "Diversos reportes indican que el sector de Deportes enfrenta serios desafíos que han afectado su estabilidad y crecimiento.",
        "Fecha": "15/10/2023"
      },
      {
        "ID": "47",
        "Label": 1,
        "Titulo": "Avance en Medio Ambiente: Nuevo logro en el sector",
        "Descripcion": "Expertos reportan que el sector de Medio Ambiente ha logrado un avance significativo, impulsando mejoras y optimización en procesos.",
        "Fecha": "16/11/2023"
      },
      {
        "ID": "48",
        "Label": 0,
        "Titulo": "Crisis en Educación: Situación crítica reportada",
        "Descripcion": "Diversos reportes indican que el sector de Educación enfrenta serios desafíos que han afectado su estabilidad y crecimiento.",
        "Fecha": "17/12/2023"
      },
      {
        "ID": "49",
        "Label": 1,
        "Titulo": "Avance en Ciencia: Nuevo logro en el sector",
        "Descripcion": "Expertos reportan que el sector de Ciencia ha logrado un avance significativo, impulsando mejoras y optimización en procesos.",
        "Fecha": "18/01/2023"
      },
      {
        "ID": "50",
        "Label": 0,
        "Titulo": "Crisis en Infraestructura: Situación crítica reportada",
        "Descripcion": "Diversos reportes indican que el sector de Infraestructura enfrenta serios desafíos que han afectado su estabilidad y crecimiento.",
        "Fecha": "19/02/2023"
      },
      {
        "ID": "51",
        "Label": 1,
        "Titulo": "Avance en Tecnología: Nuevo logro en el sector",
        "Descripcion": "Expertos reportan que el sector de Tecnología ha logrado un avance significativo, impulsando mejoras y optimización en procesos.",
        "Fecha": "20/03/2023"
      },
      {
        "ID": "52",
        "Label": 0,
        "Titulo": "Crisis en Política: Situación crítica reportada",
        "Descripcion": "Diversos reportes indican que el sector de Política enfrenta serios desafíos que han afectado su estabilidad y crecimiento.",
        "Fecha": "21/04/2023"
      },
      {
        "ID": "53",
        "Label": 1,
        "Titulo": "Avance en Economía: Nuevo logro en el sector",
        "Descripcion": "Expertos reportan que el sector de Economía ha logrado un avance significativo, impulsando mejoras y optimización en procesos.",
        "Fecha": "22/05/2023"
      },
      {
        "ID": "54",
        "Label": 0,
        "Titulo": "Crisis en Salud: Situación crítica reportada",
        "Descripcion": "Diversos reportes indican que el sector de Salud enfrenta serios desafíos que han afectado su estabilidad y crecimiento.",
        "Fecha": "23/06/2023"
      },
      {
        "ID": "55",
        "Label": 1,
        "Titulo": "Avance en Cultura: Nuevo logro en el sector",
        "Descripcion": "Expertos reportan que el sector de Cultura ha logrado un avance significativo, impulsando mejoras y optimización en procesos.",
        "Fecha": "24/07/2023"
      },
      {
        "ID": "56",
        "Label": 0,
        "Titulo": "Crisis en Deportes: Situación crítica reportada",
        "Descripcion": "Diversos reportes indican que el sector de Deportes enfrenta serios desafíos que han afectado su estabilidad y crecimiento.",
        "Fecha": "25/08/2023"
      },
      {
        "ID": "57",
        "Label": 1,
        "Titulo": "Avance en Medio Ambiente: Nuevo logro en el sector",
        "Descripcion": "Expertos reportan que el sector de Medio Ambiente ha logrado un avance significativo, impulsando mejoras y optimización en procesos.",
        "Fecha": "26/09/2023"
      },
      {
        "ID": "58",
        "Label": 0,
        "Titulo": "Crisis en Educación: Situación crítica reportada",
        "Descripcion": "Diversos reportes indican que el sector de Educación enfrenta serios desafíos que han afectado su estabilidad y crecimiento.",
        "Fecha": "27/10/2023"
      },
      {
        "ID": "59",
        "Label": 1,
        "Titulo": "Avance en Ciencia: Nuevo logro en el sector",
        "Descripcion": "Expertos reportan que el sector de Ciencia ha logrado un avance significativo, impulsando mejoras y optimización en procesos.",
        "Fecha": "28/11/2023"
      },
      {
        "ID": "60",
        "Label": 0,
        "Titulo": "Crisis en Infraestructura: Situación crítica reportada",
        "Descripcion": "Diversos reportes indican que el sector de Infraestructura enfrenta serios desafíos que han afectado su estabilidad y crecimiento.",
        "Fecha": "29/12/2023"
      },
      {
        "ID": "61",
        "Label": 1,
        "Titulo": "Avance en Tecnología: Nuevo logro en el sector",
        "Descripcion": "Expertos reportan que el sector de Tecnología ha logrado un avance significativo, impulsando mejoras y optimización en procesos.",
        "Fecha": "30/01/2023"
      },
      {
        "ID": "62",
        "Label": 0,
        "Titulo": "Crisis en Política: Situación crítica reportada",
        "Descripcion": "Diversos reportes indican que el sector de Política enfrenta serios desafíos que han afectado su estabilidad y crecimiento.",
        "Fecha": "31/02/2023"
      },
      {
        "ID": "63",
        "Label": 1,
        "Titulo": "Avance en Economía: Nuevo logro en el sector",
        "Descripcion": "Expertos reportan que el sector de Economía ha logrado un avance significativo, impulsando mejoras y optimización en procesos.",
        "Fecha": "01/03/2023"
      },
      {
        "ID": "64",
        "Label": 0,
        "Titulo": "Crisis en Salud: Situación crítica reportada",
        "Descripcion": "Diversos reportes indican que el sector de Salud enfrenta serios desafíos que han afectado su estabilidad y crecimiento.",
        "Fecha": "02/04/2023"
      },
      {
        "ID": "65",
        "Label": 1,
        "Titulo": "Avance en Cultura: Nuevo logro en el sector",
        "Descripcion": "Expertos reportan que el sector de Cultura ha logrado un avance significativo, impulsando mejoras y optimización en procesos.",
        "Fecha": "03/05/2023"
      },
      {
        "ID": "66",
        "Label": 0,
        "Titulo": "Crisis en Deportes: Situación crítica reportada",
        "Descripcion": "Diversos reportes indican que el sector de Deportes enfrenta serios desafíos que han afectado su estabilidad y crecimiento.",
        "Fecha": "04/06/2023"
      },
      {
        "ID": "67",
        "Label": 1,
        "Titulo": "Avance en Medio Ambiente: Nuevo logro en el sector",
        "Descripcion": "Expertos reportan que el sector de Medio Ambiente ha logrado un avance significativo, impulsando mejoras y optimización en procesos.",
        "Fecha": "05/07/2023"
      },
      {
        "ID": "68",
        "Label": 0,
        "Titulo": "Crisis en Educación: Situación crítica reportada",
        "Descripcion": "Diversos reportes indican que el sector de Educación enfrenta serios desafíos que han afectado su estabilidad y crecimiento.",
        "Fecha": "06/08/2023"
      },
      {
        "ID": "69",
        "Label": 1,
        "Titulo": "Avance en Ciencia: Nuevo logro en el sector",
        "Descripcion": "Expertos reportan que el sector de Ciencia ha logrado un avance significativo, impulsando mejoras y optimización en procesos.",
        "Fecha": "07/09/2023"
      },
      {
        "ID": "70",
        "Label": 0,
        "Titulo": "Crisis en Infraestructura: Situación crítica reportada",
        "Descripcion": "Diversos reportes indican que el sector de Infraestructura enfrenta serios desafíos que han afectado su estabilidad y crecimiento.",
        "Fecha": "08/10/2023"
      },
      {
        "ID": "71",
        "Label": 1,
        "Titulo": "Avance en Tecnología: Nuevo logro en el sector",
        "Descripcion": "Expertos reportan que el sector de Tecnología ha logrado un avance significativo, impulsando mejoras y optimización en procesos.",
        "Fecha": "09/11/2023"
      },
      {
        "ID": "72",
        "Label": 0,
        "Titulo": "Crisis en Política: Situación crítica reportada",
        "Descripcion": "Diversos reportes indican que el sector de Política enfrenta serios desafíos que han afectado su estabilidad y crecimiento.",
        "Fecha": "10/12/2023"
      },
      {
        "ID": "73",
        "Label": 1,
        "Titulo": "Avance en Economía: Nuevo logro en el sector",
        "Descripcion": "Expertos reportan que el sector de Economía ha logrado un avance significativo, impulsando mejoras y optimización en procesos.",
        "Fecha": "11/01/2023"
      },
      {
        "ID": "74",
        "Label": 0,
        "Titulo": "Crisis en Salud: Situación crítica reportada",
        "Descripcion": "Diversos reportes indican que el sector de Salud enfrenta serios desafíos que han afectado su estabilidad y crecimiento.",
        "Fecha": "12/02/2023"
      },
      {
        "ID": "75",
        "Label": 1,
        "Titulo": "Avance en Cultura: Nuevo logro en el sector",
        "Descripcion": "Expertos reportan que el sector de Cultura ha logrado un avance significativo, impulsando mejoras y optimización en procesos.",
        "Fecha": "13/03/2023"
      },
      {
        "ID": "76",
        "Label": 0,
        "Titulo": "Crisis en Deportes: Situación crítica reportada",
        "Descripcion": "Diversos reportes indican que el sector de Deportes enfrenta serios desafíos que han afectado su estabilidad y crecimiento.",
        "Fecha": "14/04/2023"
      },
      {
        "ID": "77",
        "Label": 1,
        "Titulo": "Avance en Medio Ambiente: Nuevo logro en el sector",
        "Descripcion": "Expertos reportan que el sector de Medio Ambiente ha logrado un avance significativo, impulsando mejoras y optimización en procesos.",
        "Fecha": "15/05/2023"
      },
      {
        "ID": "78",
        "Label": 0,
        "Titulo": "Crisis en Educación: Situación crítica reportada",
        "Descripcion": "Diversos reportes indican que el sector de Educación enfrenta serios desafíos que han afectado su estabilidad y crecimiento.",
        "Fecha": "16/06/2023"
      },
      {
        "ID": "79",
        "Label": 1,
        "Titulo": "Avance en Ciencia: Nuevo logro en el sector",
        "Descripcion": "Expertos reportan que el sector de Ciencia ha logrado un avance significativo, impulsando mejoras y optimización en procesos.",
        "Fecha": "17/07/2023"
      },
      {
        "ID": "80",
        "Label": 0,
        "Titulo": "Crisis en Infraestructura: Situación crítica reportada",
        "Descripcion": "Diversos reportes indican que el sector de Infraestructura enfrenta serios desafíos que han afectado su estabilidad y crecimiento.",
        "Fecha": "18/08/2023"
      },
      {
        "ID": "81",
        "Label": 1,
        "Titulo": "Avance en Tecnología: Nuevo logro en el sector",
        "Descripcion": "Expertos reportan que el sector de Tecnología ha logrado un avance significativo, impulsando mejoras y optimización en procesos.",
        "Fecha": "19/09/2023"
      },
      {
        "ID": "82",
        "Label": 0,
        "Titulo": "Crisis en Política: Situación crítica reportada",
        "Descripcion": "Diversos reportes indican que el sector de Política enfrenta serios desafíos que han afectado su estabilidad y crecimiento.",
        "Fecha": "20/10/2023"
      },
      {
        "ID": "83",
        "Label": 1,
        "Titulo": "Avance en Economía: Nuevo logro en el sector",
        "Descripcion": "Expertos reportan que el sector de Economía ha logrado un avance significativo, impulsando mejoras y optimización en procesos.",
        "Fecha": "21/11/2023"
      },
      {
        "ID": "84",
        "Label": 0,
        "Titulo": "Crisis en Salud: Situación crítica reportada",
        "Descripcion": "Diversos reportes indican que el sector de Salud enfrenta serios desafíos que han afectado su estabilidad y crecimiento.",
        "Fecha": "22/12/2023"
      },
      {
        "ID": "85",
        "Label": 1,
        "Titulo": "Avance en Cultura: Nuevo logro en el sector",
        "Descripcion": "Expertos reportan que el sector de Cultura ha logrado un avance significativo, impulsando mejoras y optimización en procesos.",
        "Fecha": "23/01/2023"
      },
      {
        "ID": "86",
        "Label": 0,
        "Titulo": "Crisis en Deportes: Situación crítica reportada",
        "Descripcion": "Diversos reportes indican que el sector de Deportes enfrenta serios desafíos que han afectado su estabilidad y crecimiento.",
        "Fecha": "24/02/2023"
      },
      {
        "ID": "87",
        "Label": 1,
        "Titulo": "Avance en Medio Ambiente: Nuevo logro en el sector",
        "Descripcion": "Expertos reportan que el sector de Medio Ambiente ha logrado un avance significativo, impulsando mejoras y optimización en procesos.",
        "Fecha": "25/03/2023"
      },
      {
        "ID": "88",
        "Label": 0,
        "Titulo": "Crisis en Educación: Situación crítica reportada",
        "Descripcion": "Diversos reportes indican que el sector de Educación enfrenta serios desafíos que han afectado su estabilidad y crecimiento.",
        "Fecha": "26/04/2023"
      },
      {
        "ID": "89",
        "Label": 1,
        "Titulo": "Avance en Ciencia: Nuevo logro en el sector",
        "Descripcion": "Expertos reportan que el sector de Ciencia ha logrado un avance significativo, impulsando mejoras y optimización en procesos.",
        "Fecha": "27/05/2023"
      },
      {
        "ID": "90",
        "Label": 0,
        "Titulo": "Crisis en Infraestructura: Situación crítica reportada",
        "Descripcion": "Diversos reportes indican que el sector de Infraestructura enfrenta serios desafíos que han afectado su estabilidad y crecimiento.",
        "Fecha": "28/06/2023"
      },
      {
        "ID": "91",
        "Label": 1,
        "Titulo": "Avance en Tecnología: Nuevo logro en el sector",
        "Descripcion": "Expertos reportan que el sector de Tecnología ha logrado un avance significativo, impulsando mejoras y optimización en procesos.",
        "Fecha": "29/07/2023"
      },
      {
        "ID": "92",
        "Label": 0,
        "Titulo": "Crisis en Política: Situación crítica reportada",
        "Descripcion": "Diversos reportes indican que el sector de Política enfrenta serios desafíos que han afectado su estabilidad y crecimiento.",
        "Fecha": "30/08/2023"
      },
      {
        "ID": "93",
        "Label": 1,
        "Titulo": "Avance en Economía: Nuevo logro en el sector",
        "Descripcion": "Expertos reportan que el sector de Economía ha logrado un avance significativo, impulsando mejoras y optimización en procesos.",
        "Fecha": "31/09/2023"
      },
      {
        "ID": "94",
        "Label": 0,
        "Titulo": "Crisis en Salud: Situación crítica reportada",
        "Descripcion": "Diversos reportes indican que el sector de Salud enfrenta serios desafíos que han afectado su estabilidad y crecimiento.",
        "Fecha": "01/10/2023"
      },
      {
        "ID": "95",
        "Label": 1,
        "Titulo": "Avance en Cultura: Nuevo logro en el sector",
        "Descripcion": "Expertos reportan que el sector de Cultura ha logrado un avance significativo, impulsando mejoras y optimización en procesos.",
        "Fecha": "02/11/2023"
      },
      {
        "ID": "96",
        "Label": 0,
        "Titulo": "Crisis en Deportes: Situación crítica reportada",
        "Descripcion": "Diversos reportes indican que el sector de Deportes enfrenta serios desafíos que han afectado su estabilidad y crecimiento.",
        "Fecha": "03/12/2023"
      },
      {
        "ID": "97",
        "Label": 1,
        "Titulo": "Avance en Medio Ambiente: Nuevo logro en el sector",
        "Descripcion": "Expertos reportan que el sector de Medio Ambiente ha logrado un avance significativo, impulsando mejoras y optimización en procesos.",
        "Fecha": "04/01/2023"
      },
      {
        "ID": "98",
        "Label": 0,
        "Titulo": "Crisis en Educación: Situación crítica reportada",
        "Descripcion": "Diversos reportes indican que el sector de Educación enfrenta serios desafíos que han afectado su estabilidad y crecimiento.",
        "Fecha": "05/02/2023"
      },
      {
        "ID": "99",
        "Label": 1,
        "Titulo": "Avance en Ciencia: Nuevo logro en el sector",
        "Descripcion": "Expertos reportan que el sector de Ciencia ha logrado un avance significativo, impulsando mejoras y optimización en procesos.",
        "Fecha": "06/03/2023"
      },
      {
        "ID": "100",
        "Label": 0,
        "Titulo": "Crisis en Infraestructura: Situación crítica reportada",
        "Descripcion": "Diversos reportes indican que el sector de Infraestructura enfrenta serios desafíos que han afectado su estabilidad y crecimiento.",
        "Fecha": "07/04/2023"
      },
      {
        "ID": "101",
        "Label": 1,
        "Titulo": "Avance en Tecnología: Nuevo logro en el sector",
        "Descripcion": "Expertos reportan que el sector de Tecnología ha logrado un avance significativo, impulsando mejoras y optimización en procesos.",
        "Fecha": "08/05/2023"
      },
      {
        "ID": "102",
        "Label": 0,
        "Titulo": "Crisis en Política: Situación crítica reportada",
        "Descripcion": "Diversos reportes indican que el sector de Política enfrenta serios desafíos que han afectado su estabilidad y crecimiento.",
        "Fecha": "09/06/2023"
      },
      {
        "ID": "103",
        "Label": 1,
        "Titulo": "Avance en Economía: Nuevo logro en el sector",
        "Descripcion": "Expertos reportan que el sector de Economía ha logrado un avance significativo, impulsando mejoras y optimización en procesos.",
        "Fecha": "10/07/2023"
      },
      {
        "ID": "104",
        "Label": 0,
        "Titulo": "Crisis en Salud: Situación crítica reportada",
        "Descripcion": "Diversos reportes indican que el sector de Salud enfrenta serios desafíos que han afectado su estabilidad y crecimiento.",
        "Fecha": "11/08/2023"
      },
      {
        "ID": "105",
        "Label": 1,
        "Titulo": "Avance en Cultura: Nuevo logro en el sector",
        "Descripcion": "Expertos reportan que el sector de Cultura ha logrado un avance significativo, impulsando mejoras y optimización en procesos.",
        "Fecha": "12/09/2023"
      },
      {
        "ID": "106",
        "Label": 0,
        "Titulo": "Crisis en Deportes: Situación crítica reportada",
        "Descripcion": "Diversos reportes indican que el sector de Deportes enfrenta serios desafíos que han afectado su estabilidad y crecimiento.",
        "Fecha": "13/10/2023"
      },
      {
        "ID": "107",
        "Label": 1,
        "Titulo": "Avance en Medio Ambiente: Nuevo logro en el sector",
        "Descripcion": "Expertos reportan que el sector de Medio Ambiente ha logrado un avance significativo, impulsando mejoras y optimización en procesos.",
        "Fecha": "14/11/2023"
      },
      {
        "ID": "108",
        "Label": 0,
        "Titulo": "Crisis en Educación: Situación crítica reportada",
        "Descripcion": "Diversos reportes indican que el sector de Educación enfrenta serios desafíos que han afectado su estabilidad y crecimiento.",
        "Fecha": "15/12/2023"
      },
      {
        "ID": "109",
        "Label": 1,
        "Titulo": "Avance en Ciencia: Nuevo logro en el sector",
        "Descripcion": "Expertos reportan que el sector de Ciencia ha logrado un avance significativo, impulsando mejoras y optimización en procesos.",
        "Fecha": "16/01/2023"
      },
      {
        "ID": "110",
        "Label": 0,
        "Titulo": "Crisis en Infraestructura: Situación crítica reportada",
        "Descripcion": "Diversos reportes indican que el sector de Infraestructura enfrenta serios desafíos que han afectado su estabilidad y crecimiento.",
        "Fecha": "17/02/2023"
      },
      {
        "ID": "111",
        "Label": 1,
        "Titulo": "Avance en Tecnología: Nuevo logro en el sector",
        "Descripcion": "Expertos reportan que el sector de Tecnología ha logrado un avance significativo, impulsando mejoras y optimización en procesos.",
        "Fecha": "18/03/2023"
      },
      {
        "ID": "112",
        "Label": 0,
        "Titulo": "Crisis en Política: Situación crítica reportada",
        "Descripcion": "Diversos reportes indican que el sector de Política enfrenta serios desafíos que han afectado su estabilidad y crecimiento.",
        "Fecha": "19/04/2023"
      },
      {
        "ID": "113",
        "Label": 1,
        "Titulo": "Avance en Economía: Nuevo logro en el sector",
        "Descripcion": "Expertos reportan que el sector de Economía ha logrado un avance significativo, impulsando mejoras y optimización en procesos.",
        "Fecha": "20/05/2023"
      },
      {
        "ID": "114",
        "Label": 0,
        "Titulo": "Crisis en Salud: Situación crítica reportada",
        "Descripcion": "Diversos reportes indican que el sector de Salud enfrenta serios desafíos que han afectado su estabilidad y crecimiento.",
        "Fecha": "21/06/2023"
      },
      {
        "ID": "115",
        "Label": 1,
        "Titulo": "Avance en Cultura: Nuevo logro en el sector",
        "Descripcion": "Expertos reportan que el sector de Cultura ha logrado un avance significativo, impulsando mejoras y optimización en procesos.",
        "Fecha": "22/07/2023"
      },
      {
        "ID": "116",
        "Label": 0,
        "Titulo": "Crisis en Deportes: Situación crítica reportada",
        "Descripcion": "Diversos reportes indican que el sector de Deportes enfrenta serios desafíos que han afectado su estabilidad y crecimiento.",
        "Fecha": "23/08/2023"
      },
      {
        "ID": "117",
        "Label": 1,
        "Titulo": "Avance en Medio Ambiente: Nuevo logro en el sector",
        "Descripcion": "Expertos reportan que el sector de Medio Ambiente ha logrado un avance significativo, impulsando mejoras y optimización en procesos.",
        "Fecha": "24/09/2023"
      },
      {
        "ID": "118",
        "Label": 0,
        "Titulo": "Crisis en Educación: Situación crítica reportada",
        "Descripcion": "Diversos reportes indican que el sector de Educación enfrenta serios desafíos que han afectado su estabilidad y crecimiento.",
        "Fecha": "25/10/2023"
      },
      {
        "ID": "119",
        "Label": 1,
        "Titulo": "Avance en Ciencia: Nuevo logro en el sector",
        "Descripcion": "Expertos reportan que el sector de Ciencia ha logrado un avance significativo, impulsando mejoras y optimización en procesos.",
        "Fecha": "26/11/2023"
      },
      {
        "ID": "120",
        "Label": 0,
        "Titulo": "Crisis en Infraestructura: Situación crítica reportada",
        "Descripcion": "Diversos reportes indican que el sector de Infraestructura enfrenta serios desafíos que han afectado su estabilidad y crecimiento.",
        "Fecha": "27/12/2023"
      },
      {
        "ID": "121",
        "Label": 1,
        "Titulo": "Avance en Tecnología: Nuevo logro en el sector",
        "Descripcion": "Expertos reportan que el sector de Tecnología ha logrado un avance significativo, impulsando mejoras y optimización en procesos.",
        "Fecha": "28/01/2023"
      },
      {
        "ID": "122",
        "Label": 0,
        "Titulo": "Crisis en Política: Situación crítica reportada",
        "Descripcion": "Diversos reportes indican que el sector de Política enfrenta serios desafíos que han afectado su estabilidad y crecimiento.",
        "Fecha": "29/02/2023"
      },
      {
        "ID": "123",
        "Label": 1,
        "Titulo": "Avance en Economía: Nuevo logro en el sector",
        "Descripcion": "Expertos reportan que el sector de Economía ha logrado un avance significativo, impulsando mejoras y optimización en procesos.",
        "Fecha": "30/03/2023"
      },
      {
        "ID": "124",
        "Label": 0,
        "Titulo": "Crisis en Salud: Situación crítica reportada",
        "Descripcion": "Diversos reportes indican que el sector de Salud enfrenta serios desafíos que han afectado su estabilidad y crecimiento.",
        "Fecha": "31/04/2023"
      },
      {
        "ID": "125",
        "Label": 1,
        "Titulo": "Avance en Cultura: Nuevo logro en el sector",
        "Descripcion": "Expertos reportan que el sector de Cultura ha logrado un avance significativo, impulsando mejoras y optimización en procesos.",
        "Fecha": "01/05/2023"
      },
      {
        "ID": "126",
        "Label": 0,
        "Titulo": "Crisis en Deportes: Situación crítica reportada",
        "Descripcion": "Diversos reportes indican que el sector de Deportes enfrenta serios desafíos que han afectado su estabilidad y crecimiento.",
        "Fecha": "02/06/2023"
      },
      {
        "ID": "127",
        "Label": 1,
        "Titulo": "Avance en Medio Ambiente: Nuevo logro en el sector",
        "Descripcion": "Expertos reportan que el sector de Medio Ambiente ha logrado un avance significativo, impulsando mejoras y optimización en procesos.",
        "Fecha": "03/07/2023"
      },
      {
        "ID": "128",
        "Label": 0,
        "Titulo": "Crisis en Educación: Situación crítica reportada",
        "Descripcion": "Diversos reportes indican que el sector de Educación enfrenta serios desafíos que han afectado su estabilidad y crecimiento.",
        "Fecha": "04/08/2023"
      },
      {
        "ID": "129",
        "Label": 1,
        "Titulo": "Avance en Ciencia: Nuevo logro en el sector",
        "Descripcion": "Expertos reportan que el sector de Ciencia ha logrado un avance significativo, impulsando mejoras y optimización en procesos.",
        "Fecha": "05/09/2023"
      },
      {
        "ID": "130",
        "Label": 0,
        "Titulo": "Crisis en Infraestructura: Situación crítica reportada",
        "Descripcion": "Diversos reportes indican que el sector de Infraestructura enfrenta serios desafíos que han afectado su estabilidad y crecimiento.",
        "Fecha": "06/10/2023"
      },
      {
        "ID": "131",
        "Label": 1,
        "Titulo": "Avance en Tecnología: Nuevo logro en el sector",
        "Descripcion": "Expertos reportan que el sector de Tecnología ha logrado un avance significativo, impulsando mejoras y optimización en procesos.",
        "Fecha": "07/11/2023"
      },
      {
        "ID": "132",
        "Label": 0,
        "Titulo": "Crisis en Política: Situación crítica reportada",
        "Descripcion": "Diversos reportes indican que el sector de Política enfrenta serios desafíos que han afectado su estabilidad y crecimiento.",
        "Fecha": "08/12/2023"
      },
      {
        "ID": "133",
        "Label": 1,
        "Titulo": "Avance en Economía: Nuevo logro en el sector",
        "Descripcion": "Expertos reportan que el sector de Economía ha logrado un avance significativo, impulsando mejoras y optimización en procesos.",
        "Fecha": "09/01/2023"
      },
      {
        "ID": "134",
        "Label": 0,
        "Titulo": "Crisis en Salud: Situación crítica reportada",
        "Descripcion": "Diversos reportes indican que el sector de Salud enfrenta serios desafíos que han afectado su estabilidad y crecimiento.",
        "Fecha": "10/02/2023"
      },
      {
        "ID": "135",
        "Label": 1,
        "Titulo": "Avance en Cultura: Nuevo logro en el sector",
        "Descripcion": "Expertos reportan que el sector de Cultura ha logrado un avance significativo, impulsando mejoras y optimización en procesos.",
        "Fecha": "11/03/2023"
      },
      {
        "ID": "136",
        "Label": 0,
        "Titulo": "Crisis en Deportes: Situación crítica reportada",
        "Descripcion": "Diversos reportes indican que el sector de Deportes enfrenta serios desafíos que han afectado su estabilidad y crecimiento.",
        "Fecha": "12/04/2023"
      },
      {
        "ID": "137",
        "Label": 1,
        "Titulo": "Avance en Medio Ambiente: Nuevo logro en el sector",
        "Descripcion": "Expertos reportan que el sector de Medio Ambiente ha logrado un avance significativo, impulsando mejoras y optimización en procesos.",
        "Fecha": "13/05/2023"
      },
      {
        "ID": "138",
        "Label": 0,
        "Titulo": "Crisis en Educación: Situación crítica reportada",
        "Descripcion": "Diversos reportes indican que el sector de Educación enfrenta serios desafíos que han afectado su estabilidad y crecimiento.",
        "Fecha": "14/06/2023"
      },
      {
        "ID": "139",
        "Label": 1,
        "Titulo": "Avance en Ciencia: Nuevo logro en el sector",
        "Descripcion": "Expertos reportan que el sector de Ciencia ha logrado un avance significativo, impulsando mejoras y optimización en procesos.",
        "Fecha": "15/07/2023"
      },
      {
        "ID": "140",
        "Label": 0,
        "Titulo": "Crisis en Infraestructura: Situación crítica reportada",
        "Descripcion": "Diversos reportes indican que el sector de Infraestructura enfrenta serios desafíos que han afectado su estabilidad y crecimiento.",
        "Fecha": "16/08/2023"
      },
      {
        "ID": "141",
        "Label": 1,
        "Titulo": "Avance en Tecnología: Nuevo logro en el sector",
        "Descripcion": "Expertos reportan que el sector de Tecnología ha logrado un avance significativo, impulsando mejoras y optimización en procesos.",
        "Fecha": "17/09/2023"
      },
      {
        "ID": "142",
        "Label": 0,
        "Titulo": "Crisis en Política: Situación crítica reportada",
        "Descripcion": "Diversos reportes indican que el sector de Política enfrenta serios desafíos que han afectado su estabilidad y crecimiento.",
        "Fecha": "18/10/2023"
      },
      {
        "ID": "143",
        "Label": 1,
        "Titulo": "Avance en Economía: Nuevo logro en el sector",
        "Descripcion": "Expertos reportan que el sector de Economía ha logrado un avance significativo, impulsando mejoras y optimización en procesos.",
        "Fecha": "19/11/2023"
      },
      {
        "ID": "144",
        "Label": 0,
        "Titulo": "Crisis en Salud: Situación crítica reportada",
        "Descripcion": "Diversos reportes indican que el sector de Salud enfrenta serios desafíos que han afectado su estabilidad y crecimiento.",
        "Fecha": "20/12/2023"
      },
      {
        "ID": "145",
        "Label": 1,
        "Titulo": "Avance en Cultura: Nuevo logro en el sector",
        "Descripcion": "Expertos reportan que el sector de Cultura ha logrado un avance significativo, impulsando mejoras y optimización en procesos.",
        "Fecha": "21/01/2023"
      },
      {
        "ID": "146",
        "Label": 0,
        "Titulo": "Crisis en Deportes: Situación crítica reportada",
        "Descripcion": "Diversos reportes indican que el sector de Deportes enfrenta serios desafíos que han afectado su estabilidad y crecimiento.",
        "Fecha": "22/02/2023"
      },
      {
        "ID": "147",
        "Label": 1,
        "Titulo": "Avance en Medio Ambiente: Nuevo logro en el sector",
        "Descripcion": "Expertos reportan que el sector de Medio Ambiente ha logrado un avance significativo, impulsando mejoras y optimización en procesos.",
        "Fecha": "23/03/2023"
      },
      {
        "ID": "148",
        "Label": 0,
        "Titulo": "Crisis en Educación: Situación crítica reportada",
        "Descripcion": "Diversos reportes indican que el sector de Educación enfrenta serios desafíos que han afectado su estabilidad y crecimiento.",
        "Fecha": "24/04/2023"
      },
      {
        "ID": "149",
        "Label": 1,
        "Titulo": "Avance en Ciencia: Nuevo logro en el sector",
        "Descripcion": "Expertos reportan que el sector de Ciencia ha logrado un avance significativo, impulsando mejoras y optimización en procesos.",
        "Fecha": "25/05/2023"
      },
      {
        "ID": "150",
        "Label": 0,
        "Titulo": "Crisis en Infraestructura: Situación crítica reportada",
        "Descripcion": "Diversos reportes indican que el sector de Infraestructura enfrenta serios desafíos que han afectado su estabilidad y crecimiento.",
        "Fecha": "26/06/2023"
      },
      {
        "ID": "151",
        "Label": 1,
        "Titulo": "Avance en Tecnología: Nuevo logro en el sector",
        "Descripcion": "Expertos reportan que el sector de Tecnología ha logrado un avance significativo, impulsando mejoras y optimización en procesos.",
        "Fecha": "27/07/2023"
      },
      {
        "ID": "152",
        "Label": 0,
        "Titulo": "Crisis en Política: Situación crítica reportada",
        "Descripcion": "Diversos reportes indican que el sector de Política enfrenta serios desafíos que han afectado su estabilidad y crecimiento.",
        "Fecha": "28/08/2023"
      },
      {
        "ID": "153",
        "Label": 1,
        "Titulo": "Avance en Economía: Nuevo logro en el sector",
        "Descripcion": "Expertos reportan que el sector de Economía ha logrado un avance significativo, impulsando mejoras y optimización en procesos.",
        "Fecha": "29/09/2023"
      },
      {
        "ID": "154",
        "Label": 0,
        "Titulo": "Crisis en Salud: Situación crítica reportada",
        "Descripcion": "Diversos reportes indican que el sector de Salud enfrenta serios desafíos que han afectado su estabilidad y crecimiento.",
        "Fecha": "30/10/2023"
      },
      {
        "ID": "155",
        "Label": 1,
        "Titulo": "Avance en Cultura: Nuevo logro en el sector",
        "Descripcion": "Expertos reportan que el sector de Cultura ha logrado un avance significativo, impulsando mejoras y optimización en procesos.",
        "Fecha": "31/11/2023"
      },
      {
        "ID": "156",
        "Label": 0,
        "Titulo": "Crisis en Deportes: Situación crítica reportada",
        "Descripcion": "Diversos reportes indican que el sector de Deportes enfrenta serios desafíos que han afectado su estabilidad y crecimiento.",
        "Fecha": "01/12/2023"
      },
      {
        "ID": "157",
        "Label": 1,
        "Titulo": "Avance en Medio Ambiente: Nuevo logro en el sector",
        "Descripcion": "Expertos reportan que el sector de Medio Ambiente ha logrado un avance significativo, impulsando mejoras y optimización en procesos.",
        "Fecha": "02/01/2023"
      },
      {
        "ID": "158",
        "Label": 0,
        "Titulo": "Crisis en Educación: Situación crítica reportada",
        "Descripcion": "Diversos reportes indican que el sector de Educación enfrenta serios desafíos que han afectado su estabilidad y crecimiento.",
        "Fecha": "03/02/2023"
      },
      {
        "ID": "159",
        "Label": 1,
        "Titulo": "Avance en Ciencia: Nuevo logro en el sector",
        "Descripcion": "Expertos reportan que el sector de Ciencia ha logrado un avance significativo, impulsando mejoras y optimización en procesos.",
        "Fecha": "04/03/2023"
      },
      {
        "ID": "160",
        "Label": 0,
        "Titulo": "Crisis en Infraestructura: Situación crítica reportada",
        "Descripcion": "Diversos reportes indican que el sector de Infraestructura enfrenta serios desafíos que han afectado su estabilidad y crecimiento.",
        "Fecha": "05/04/2023"
      },
      {
        "ID": "161",
        "Label": 1,
        "Titulo": "Avance en Tecnología: Nuevo logro en el sector",
        "Descripcion": "Expertos reportan que el sector de Tecnología ha logrado un avance significativo, impulsando mejoras y optimización en procesos.",
        "Fecha": "06/05/2023"
      },
      {
        "ID": "162",
        "Label": 0,
        "Titulo": "Crisis en Política: Situación crítica reportada",
        "Descripcion": "Diversos reportes indican que el sector de Política enfrenta serios desafíos que han afectado su estabilidad y crecimiento.",
        "Fecha": "07/06/2023"
      },
      {
        "ID": "163",
        "Label": 1,
        "Titulo": "Avance en Economía: Nuevo logro en el sector",
        "Descripcion": "Expertos reportan que el sector de Economía ha logrado un avance significativo, impulsando mejoras y optimización en procesos.",
        "Fecha": "08/07/2023"
      },
      {
        "ID": "164",
        "Label": 0,
        "Titulo": "Crisis en Salud: Situación crítica reportada",
        "Descripcion": "Diversos reportes indican que el sector de Salud enfrenta serios desafíos que han afectado su estabilidad y crecimiento.",
        "Fecha": "09/08/2023"
      },
      {
        "ID": "165",
        "Label": 1,
        "Titulo": "Avance en Cultura: Nuevo logro en el sector",
        "Descripcion": "Expertos reportan que el sector de Cultura ha logrado un avance significativo, impulsando mejoras y optimización en procesos.",
        "Fecha": "10/09/2023"
      },
      {
        "ID": "166",
        "Label": 0,
        "Titulo": "Crisis en Deportes: Situación crítica reportada",
        "Descripcion": "Diversos reportes indican que el sector de Deportes enfrenta serios desafíos que han afectado su estabilidad y crecimiento.",
        "Fecha": "11/10/2023"
      },
      {
        "ID": "167",
        "Label": 1,
        "Titulo": "Avance en Medio Ambiente: Nuevo logro en el sector",
        "Descripcion": "Expertos reportan que el sector de Medio Ambiente ha logrado un avance significativo, impulsando mejoras y optimización en procesos.",
        "Fecha": "12/11/2023"
      },
      {
        "ID": "168",
        "Label": 0,
        "Titulo": "Crisis en Educación: Situación crítica reportada",
        "Descripcion": "Diversos reportes indican que el sector de Educación enfrenta serios desafíos que han afectado su estabilidad y crecimiento.",
        "Fecha": "13/12/2023"
      },
      {
        "ID": "169",
        "Label": 1,
        "Titulo": "Avance en Ciencia: Nuevo logro en el sector",
        "Descripcion": "Expertos reportan que el sector de Ciencia ha logrado un avance significativo, impulsando mejoras y optimización en procesos.",
        "Fecha": "14/01/2023"
      },
      {
        "ID": "170",
        "Label": 0,
        "Titulo": "Crisis en Infraestructura: Situación crítica reportada",
        "Descripcion": "Diversos reportes indican que el sector de Infraestructura enfrenta serios desafíos que han afectado su estabilidad y crecimiento.",
        "Fecha": "15/02/2023"
      },
      {
        "ID": "171",
        "Label": 1,
        "Titulo": "Avance en Tecnología: Nuevo logro en el sector",
        "Descripcion": "Expertos reportan que el sector de Tecnología ha logrado un avance significativo, impulsando mejoras y optimización en procesos.",
        "Fecha": "16/03/2023"
      },
      {
        "ID": "172",
        "Label": 0,
        "Titulo": "Crisis en Política: Situación crítica reportada",
        "Descripcion": "Diversos reportes indican que el sector de Política enfrenta serios desafíos que han afectado su estabilidad y crecimiento.",
        "Fecha": "17/04/2023"
      },
      {
        "ID": "173",
        "Label": 1,
        "Titulo": "Avance en Economía: Nuevo logro en el sector",
        "Descripcion": "Expertos reportan que el sector de Economía ha logrado un avance significativo, impulsando mejoras y optimización en procesos.",
        "Fecha": "18/05/2023"
      },
      {
        "ID": "174",
        "Label": 0,
        "Titulo": "Crisis en Salud: Situación crítica reportada",
        "Descripcion": "Diversos reportes indican que el sector de Salud enfrenta serios desafíos que han afectado su estabilidad y crecimiento.",
        "Fecha": "19/06/2023"
      },
      {
        "ID": "175",
        "Label": 1,
        "Titulo": "Avance en Cultura: Nuevo logro en el sector",
        "Descripcion": "Expertos reportan que el sector de Cultura ha logrado un avance significativo, impulsando mejoras y optimización en procesos.",
        "Fecha": "20/07/2023"
      },
      {
        "ID": "176",
        "Label": 0,
        "Titulo": "Crisis en Deportes: Situación crítica reportada",
        "Descripcion": "Diversos reportes indican que el sector de Deportes enfrenta serios desafíos que han afectado su estabilidad y crecimiento.",
        "Fecha": "21/08/2023"
      },
      {
        "ID": "177",
        "Label": 1,
        "Titulo": "Avance en Medio Ambiente: Nuevo logro en el sector",
        "Descripcion": "Expertos reportan que el sector de Medio Ambiente ha logrado un avance significativo, impulsando mejoras y optimización en procesos.",
        "Fecha": "22/09/2023"
      },
      {
        "ID": "178",
        "Label": 0,
        "Titulo": "Crisis en Educación: Situación crítica reportada",
        "Descripcion": "Diversos reportes indican que el sector de Educación enfrenta serios desafíos que han afectado su estabilidad y crecimiento.",
        "Fecha": "23/10/2023"
      },
      {
        "ID": "179",
        "Label": 1,
        "Titulo": "Avance en Ciencia: Nuevo logro en el sector",
        "Descripcion": "Expertos reportan que el sector de Ciencia ha logrado un avance significativo, impulsando mejoras y optimización en procesos.",
        "Fecha": "24/11/2023"
      },
      {
        "ID": "180",
        "Label": 0,
        "Titulo": "Crisis en Infraestructura: Situación crítica reportada",
        "Descripcion": "Diversos reportes indican que el sector de Infraestructura enfrenta serios desafíos que han afectado su estabilidad y crecimiento.",
        "Fecha": "25/12/2023"
      },
      {
        "ID": "181",
        "Label": 1,
        "Titulo": "Avance en Tecnología: Nuevo logro en el sector",
        "Descripcion": "Expertos reportan que el sector de Tecnología ha logrado un avance significativo, impulsando mejoras y optimización en procesos.",
        "Fecha": "26/01/2023"
      },
      {
        "ID": "182",
        "Label": 0,
        "Titulo": "Crisis en Política: Situación crítica reportada",
        "Descripcion": "Diversos reportes indican que el sector de Política enfrenta serios desafíos que han afectado su estabilidad y crecimiento.",
        "Fecha": "27/02/2023"
      },
      {
        "ID": "183",
        "Label": 1,
        "Titulo": "Avance en Economía: Nuevo logro en el sector",
        "Descripcion": "Expertos reportan que el sector de Economía ha logrado un avance significativo, impulsando mejoras y optimización en procesos.",
        "Fecha": "28/03/2023"
      },
      {
        "ID": "184",
        "Label": 0,
        "Titulo": "Crisis en Salud: Situación crítica reportada",
        "Descripcion": "Diversos reportes indican que el sector de Salud enfrenta serios desafíos que han afectado su estabilidad y crecimiento.",
        "Fecha": "29/04/2023"
      },
      {
        "ID": "185",
        "Label": 1,
        "Titulo": "Avance en Cultura: Nuevo logro en el sector",
        "Descripcion": "Expertos reportan que el sector de Cultura ha logrado un avance significativo, impulsando mejoras y optimización en procesos.",
        "Fecha": "30/05/2023"
      },
      {
        "ID": "186",
        "Label": 0,
        "Titulo": "Crisis en Deportes: Situación crítica reportada",
        "Descripcion": "Diversos reportes indican que el sector de Deportes enfrenta serios desafíos que han afectado su estabilidad y crecimiento.",
        "Fecha": "31/06/2023"
      },
      {
        "ID": "187",
        "Label": 1,
        "Titulo": "Avance en Medio Ambiente: Nuevo logro en el sector",
        "Descripcion": "Expertos reportan que el sector de Medio Ambiente ha logrado un avance significativo, impulsando mejoras y optimización en procesos.",
        "Fecha": "01/07/2023"
      },
      {
        "ID": "188",
        "Label": 0,
        "Titulo": "Crisis en Educación: Situación crítica reportada",
        "Descripcion": "Diversos reportes indican que el sector de Educación enfrenta serios desafíos que han afectado su estabilidad y crecimiento.",
        "Fecha": "02/08/2023"
      },
      {
        "ID": "189",
        "Label": 1,
        "Titulo": "Avance en Ciencia: Nuevo logro en el sector",
        "Descripcion": "Expertos reportan que el sector de Ciencia ha logrado un avance significativo, impulsando mejoras y optimización en procesos.",
        "Fecha": "03/09/2023"
      },
      {
        "ID": "190",
        "Label": 0,
        "Titulo": "Crisis en Infraestructura: Situación crítica reportada",
        "Descripcion": "Diversos reportes indican que el sector de Infraestructura enfrenta serios desafíos que han afectado su estabilidad y crecimiento.",
        "Fecha": "04/10/2023"
      },
      {
        "ID": "191",
        "Label": 1,
        "Titulo": "Avance en Tecnología: Nuevo logro en el sector",
        "Descripcion": "Expertos reportan que el sector de Tecnología ha logrado un avance significativo, impulsando mejoras y optimización en procesos.",
        "Fecha": "05/11/2023"
      },
      {
        "ID": "192",
        "Label": 0,
        "Titulo": "Crisis en Política: Situación crítica reportada",
        "Descripcion": "Diversos reportes indican que el sector de Política enfrenta serios desafíos que han afectado su estabilidad y crecimiento.",
        "Fecha": "06/12/2023"
      },
      {
        "ID": "193",
        "Label": 1,
        "Titulo": "Avance en Economía: Nuevo logro en el sector",
        "Descripcion": "Expertos reportan que el sector de Economía ha logrado un avance significativo, impulsando mejoras y optimización en procesos.",
        "Fecha": "07/01/2023"
      },
      {
        "ID": "194",
        "Label": 0,
        "Titulo": "Crisis en Salud: Situación crítica reportada",
        "Descripcion": "Diversos reportes indican que el sector de Salud enfrenta serios desafíos que han afectado su estabilidad y crecimiento.",
        "Fecha": "08/02/2023"
      },
      {
        "ID": "195",
        "Label": 1,
        "Titulo": "Avance en Cultura: Nuevo logro en el sector",
        "Descripcion": "Expertos reportan que el sector de Cultura ha logrado un avance significativo, impulsando mejoras y optimización en procesos.",
        "Fecha": "09/03/2023"
      },
      {
        "ID": "196",
        "Label": 0,
        "Titulo": "Crisis en Deportes: Situación crítica reportada",
        "Descripcion": "Diversos reportes indican que el sector de Deportes enfrenta serios desafíos que han afectado su estabilidad y crecimiento.",
        "Fecha": "10/04/2023"
      },
      {
        "ID": "197",
        "Label": 1,
        "Titulo": "Avance en Medio Ambiente: Nuevo logro en el sector",
        "Descripcion": "Expertos reportan que el sector de Medio Ambiente ha logrado un avance significativo, impulsando mejoras y optimización en procesos.",
        "Fecha": "11/05/2023"
      },
      {
        "ID": "198",
        "Label": 0,
        "Titulo": "Crisis en Educación: Situación crítica reportada",
        "Descripcion": "Diversos reportes indican que el sector de Educación enfrenta serios desafíos que han afectado su estabilidad y crecimiento.",
        "Fecha": "12/06/2023"
      },
      {
        "ID": "199",
        "Label": 1,
        "Titulo": "Avance en Ciencia: Nuevo logro en el sector",
        "Descripcion": "Expertos reportan que el sector de Ciencia ha logrado un avance significativo, impulsando mejoras y optimización en procesos.",
        "Fecha": "13/07/2023"
      },
      {
        "ID": "200",
        "Label": 0,
        "Titulo": "Crisis en Infraestructura: Situación crítica reportada",
        "Descripcion": "Diversos reportes indican que el sector de Infraestructura enfrenta serios desafíos que han afectado su estabilidad y crecimiento.",
        "Fecha": "14/08/2023"
      }
    ]
  }
  